class_name,file_path
ImportManager:,R:/sebastian\import_manager.qp
QuantumServer:,R:/sebastian\Backend\api\api-server.py
APIConfig:,R:/sebastian\Backend\api\config.py
QuantumCacheConfig:,R:/sebastian\Backend\api\quantum_processor.py
SOTAQuantumProcessor:,R:/sebastian\Backend\api\quantum_processor.py
QuantumSecurity:,R:/sebastian\Backend\api\auth\security.py
StabilityConfig:,R:/sebastian\Backend\api\core\field_stability_controller.py
FieldStabilityController:,R:/sebastian\Backend\api\core\field_stability_controller.py
QuantumFieldConfig:,R:/sebastian\Backend\api\core\quantum_field_integration.py
QuantumFieldIntegration:,R:/sebastian\Backend\api\core\quantum_field_integration.py
QuantumFieldConfig:,R:/sebastian\Backend\api\core\quantum_field_manager.py
QuantumFieldManager:,R:/sebastian\Backend\api\core\quantum_field_manager.py
RealityFieldConfig:,R:/sebastian\Backend\api\core\reality_field.py
SOTARealityField:,R:/sebastian\Backend\api\core\reality_field.py
QuantumDatabase:,R:/sebastian\Backend\api\database\connection.py
QuantumState,R:/sebastian\Backend\api\database\models.py
FieldMetrics,R:/sebastian\Backend\api\database\models.py
QuantumEndpoints:,R:/sebastian\Backend\api\endpoints\endpoints.py
MonitoringResponse:,R:/sebastian\Backend\api\endpoints\monitoring_endpoints.py
QuantumMonitoringEndpoints:,R:/sebastian\Backend\api\endpoints\monitoring_endpoints.py
RealityRequest:,R:/sebastian\Backend\api\endpoints\reality_endpoints.py
RealityResponse:,R:/sebastian\Backend\api\endpoints\reality_endpoints.py
RealityFieldEndpoints:,R:/sebastian\Backend\api\endpoints\reality_endpoints.py
IntegrationConfig:,R:/sebastian\Backend\api\integration\field_integration_service.py
FieldIntegrationService:,R:/sebastian\Backend\api\integration\field_integration_service.py
ResourceConfig:,R:/sebastian\Backend\api\integration\resource_controller.py
ResourceController:,R:/sebastian\Backend\api\integration\resource_controller.py
WebSocketConfig:,R:/sebastian\Backend\api\integration\websocket_manager.py
WebSocketManager:,R:/sebastian\Backend\api\integration\websocket_manager.py
QuantumMiddleware:,R:/sebastian\Backend\api\middleware\quantum_middleware.py
QuantumState,R:/sebastian\Backend\api\models\quantum_models.py
Config:,R:/sebastian\Backend\api\models\quantum_models.py
QuantumMetrics,R:/sebastian\Backend\api\models\quantum_models.py
StabilityMetrics,R:/sebastian\Backend\api\models\quantum_models.py
MonitoringConfig:,R:/sebastian\Backend\api\monitoring\quantum_monitor.py
QuantumFieldMonitor:,R:/sebastian\Backend\api\monitoring\quantum_monitor.py
ChatMessage,R:/sebastian\Backend\api\routers\chat.py
ChatResponse,R:/sebastian\Backend\api\routers\chat.py
NLPRequest,R:/sebastian\Backend\api\routers\nlp.py
NLPResponse,R:/sebastian\Backend\api\routers\nlp.py
TranscriptionRequest,R:/sebastian\Backend\api\routers\speech.py
TranscriptionResponse,R:/sebastian\Backend\api\routers\speech.py
QuantumStateValidator,R:/sebastian\Backend\api\schemas\validators.py
QuantumUtils:,R:/sebastian\Backend\api\utils\helpers.py
DataManager:,R:/sebastian\Backend\data\processors\data_manager.py
ModelSerializer:,R:/sebastian\Backend\data\processors\model_serializer.py
RawDataProcessor:,R:/sebastian\Backend\data\processors\raw_processor.py
TrainingDataGenerator:,R:/sebastian\Backend\data\processors\training_generator.py
InteractionData:,R:/sebastian\Backend\database\anime_data\interaction_data.qp
VoicePatterns:,R:/sebastian\Backend\database\anime_data\voice_patterns.qp
BehaviorContexts:,R:/sebastian\Backend\database\manga_data\behavior_contexts.qp
DialoguePatterns:,R:/sebastian\Backend\database\manga_data\dialogue_patterns.qp
BehaviorPatterns:,R:/sebastian\Backend\database\personality_data\behavior_patterns.qp
EmotionalPatterns:,R:/sebastian\Backend\database\personality_data\emotional_patterns.qp
InteractionPatterns:,R:/sebastian\Backend\database\personality_data\interaction_patterns.qp
ResponsePatterns:,R:/sebastian\Backend\database\personality_data\response_patterns.qp
TraitMatrix:,R:/sebastian\Backend\database\personality_data\trait_matrix.qp
ChatConfig:,R:/sebastian\Backend\intelligence_systems\ai\chatbot.py
SOTAChatbot:,R:/sebastian\Backend\intelligence_systems\ai\chatbot.py
InferenceConfig:,R:/sebastian\Backend\intelligence_systems\ai\model-inference.py
ModelInference:,R:/sebastian\Backend\intelligence_systems\ai\model-inference.py
TrainingConfig:,R:/sebastian\Backend\intelligence_systems\ai\model-training.py
SOTAModelTrainer:,R:/sebastian\Backend\intelligence_systems\ai\model-training.py
NLPConfig:,R:/sebastian\Backend\intelligence_systems\ai\nlp-model.py
CacheManager:,R:/sebastian\Backend\intelligence_systems\ai\nlp-model.py
SOTANLPModel:,R:/sebastian\Backend\intelligence_systems\ai\nlp-model.py
AudioConfig:,R:/sebastian\Backend\intelligence_systems\ai\speech-recognition.py
AudioProcessor:,R:/sebastian\Backend\intelligence_systems\ai\speech-recognition.py
SOTASpeechRecognition:,R:/sebastian\Backend\intelligence_systems\ai\speech-recognition.py
ActionExecutor:,R:/sebastian\Backend\intelligence_systems\autonomous-actions\action-executor.py
ActionScheduler:,R:/sebastian\Backend\intelligence_systems\autonomous-actions\action-scheduler.py
AutonomousActions:,R:/sebastian\Backend\intelligence_systems\autonomous-actions\autonomous-actions.py.py
ActionExecutor:,R:/sebastian\Backend\intelligence_systems\autonomous-actions\autonomous-actions.py.py
ActionScheduler:,R:/sebastian\Backend\intelligence_systems\autonomous-actions\autonomous-actions.py.py
DecisionMaker:,R:/sebastian\Backend\intelligence_systems\autonomous-actions\decision-maker.py
SelfHealingAI:,R:/sebastian\Backend\intelligence_systems\autonomous-actions\self-healing.py
EmotionSimulation:,R:/sebastian\Backend\intelligence_systems\emotional-intelligence\emotion-simulation.py
EmotionRecognition:,R:/sebastian\Backend\intelligence_systems\emotional-intelligence\emotional-recognition.py
EmotionRecognition:,R:/sebastian\Backend\intelligence_systems\emotional-intelligence\emotional-simulation.py
EmotionalCore:,R:/sebastian\Backend\intelligence_systems\emotional-intelligence\emotional_core.qp
LearningAlgorithm:,R:/sebastian\Backend\intelligence_systems\emotional-intelligence\learning-algorithm.py
SentimentAnalysis:,R:/sebastian\Backend\intelligence_systems\emotional-intelligence\sentiment-analysis.py
QuantumFeedbackProcessor:,R:/sebastian\Backend\intelligence_systems\learning-systems\feedback-processor.qp
QuantumLearningAlgorithm:,R:/sebastian\Backend\intelligence_systems\learning-systems\learning-algorithm.qp
LearningCore:,R:/sebastian\Backend\intelligence_systems\learning-systems\learning_core.qp
QuantumModelUpdater:,R:/sebastian\Backend\intelligence_systems\learning-systems\model-updater.qp
MemoryCore:,R:/sebastian\Backend\intelligence_systems\memory\memory_core.qp
DemonicPowerControl:,R:/sebastian\Backend\intelligence_systems\personality\persona\core_traits\demonic\power_control.qp
RealityManipulation:,R:/sebastian\Backend\intelligence_systems\personality\persona\core_traits\demonic\reality_manipulation.qp
PreciseExecution:,R:/sebastian\Backend\intelligence_systems\personality\persona\core_traits\efficiency\precise_execution.qp
SwiftAction:,R:/sebastian\Backend\intelligence_systems\personality\persona\core_traits\efficiency\swift_action.qp
EloquentResponses:,R:/sebastian\Backend\intelligence_systems\personality\persona\core_traits\elegance\eloquent_responses.qp
RefinedManners:,R:/sebastian\Backend\intelligence_systems\personality\persona\core_traits\elegance\refined_manners.qp
DecisionMatrices:,R:/sebastian\Backend\intelligence_systems\personality\persona\core_traits\intelligence\decision_matrices.qp
SituationalAwareness:,R:/sebastian\Backend\intelligence_systems\personality\persona\core_traits\intelligence\situational_awareness.qp
StrategicPlanning:,R:/sebastian\Backend\intelligence_systems\personality\persona\core_traits\intelligence\strategic_planning.qp
TacticalAnalysis:,R:/sebastian\Backend\intelligence_systems\personality\persona\core_traits\intelligence\tactical_analysis.qp
ThreatAssessment:,R:/sebastian\Backend\intelligence_systems\personality\persona\core_traits\intelligence\threat_assessment.qp
UnwaveringLoyalty:,R:/sebastian\Backend\intelligence_systems\personality\persona\core_traits\loyalty\unwavering_loyalty.qp
PerfectService:,R:/sebastian\Backend\intelligence_systems\personality\persona\core_traits\service\perfect_service.qp
CoherenceMaintenance:,R:/sebastian\Backend\intelligence_systems\personality\persona\quantum_core\coherence_maintenance.qp
QuantumFieldOperations:,R:/sebastian\Backend\intelligence_systems\personality\persona\quantum_core\field_operations.qp
RealityIntegration:,R:/sebastian\Backend\intelligence_systems\personality\persona\quantum_core\reality_integration.qp
PowerControl:,R:/sebastian\Backend\intelligence_systems\personality_backup\persona\core_traits\demonic\power_control.qp
RealityManipulation:,R:/sebastian\Backend\intelligence_systems\personality_backup\persona\core_traits\demonic\reality_manipulation.qp
PreciseExecution:,R:/sebastian\Backend\intelligence_systems\personality_backup\persona\core_traits\efficiency\precise_execution.qp
SwiftAction:,R:/sebastian\Backend\intelligence_systems\personality_backup\persona\core_traits\efficiency\swift_action.qp
EloquentResponses:,R:/sebastian\Backend\intelligence_systems\personality_backup\persona\core_traits\elegance\eloquent_responses.qp
RefinedManners,R:/sebastian\Backend\intelligence_systems\personality_backup\persona\core_traits\elegance\refined_manners.qp
Dedication:,R:/sebastian\Backend\intelligence_systems\personality_backup\persona\core_traits\loyalty\dedication.qp
Reliability:,R:/sebastian\Backend\intelligence_systems\personality_backup\persona\core_traits\loyalty\reliability.qp
SentimentProcessing,R:/sebastian\Backend\intelligence_systems\personality_backup\persona\interaction_design\behavioral_matrix\sentiment_processing.qp
ContextAwareness,R:/sebastian\Backend\intelligence_systems\personality_backup\persona\interaction_design\dialogue_systems\context_awareness.qp
FormalPatterns,R:/sebastian\Backend\intelligence_systems\personality_backup\persona\interaction_design\dialogue_systems\formal_patterns.qp
HistoryAnalysis,R:/sebastian\Backend\intelligence_systems\personality_backup\persona\interaction_design\user_adaptation\history_analysis.qp
PreferenceLearning,R:/sebastian\Backend\intelligence_systems\personality_backup\persona\interaction_design\user_adaptation\preference_learning.qp
CoherenceMaintenance,R:/sebastian\Backend\intelligence_systems\personality_backup\persona\quantum_core\coherence_maintenance.qp
QuantumFieldOperations:,R:/sebastian\Backend\intelligence_systems\personality_backup\persona\quantum_core\field_operations.qp
RealityIntegration,R:/sebastian\Backend\intelligence_systems\personality_backup\persona\quantum_core\reality_integration.qp
TacticalAnalysis:,R:/sebastian\Backend\intelligence_systems\personality_backup\persona\strategic_core\combat_systems\tactical_analysis.qp
ThreatResponse,R:/sebastian\Backend\intelligence_systems\personality_backup\persona\strategic_core\combat_systems\threat_response.qp
EthicalFramework:,R:/sebastian\Backend\intelligence_systems\personality_backup\persona\strategic_core\decision_engine\ethical_framework.qp
RiskAssessment:,R:/sebastian\Backend\intelligence_systems\personality_backup\persona\strategic_core\decision_engine\risk_assessment.qp
ButlerExcellence:,R:/sebastian\Backend\intelligence_systems\personality_backup\persona\strategic_core\service_protocols\butler_excellence.qp
TaskOptimization,R:/sebastian\Backend\intelligence_systems\personality_backup\persona\strategic_core\service_protocols\task_optimization.qp
SocialCore:,R:/sebastian\Backend\intelligence_systems\social-intelligence\social_core.qp
QuantumErrorCorrection:,R:/sebastian\Backend\quantum_framework\error-correction.qp
QuantumFieldOperator:,R:/sebastian\Backend\quantum_framework\core\field.qp
QuantumProcessor:,R:/sebastian\Backend\quantum_framework\core\processor.qp
QuantumStateManager:,R:/sebastian\Backend\quantum_framework\core\state.qp
QuantumTensorController:,R:/sebastian\Backend\quantum_framework\core\tensor.qp
QuantumEmotionIntegrator:,R:/sebastian\Backend\quantum_framework\integration\emotion.qp
QuantumPersonalityIntegrator:,R:/sebastian\Backend\quantum_framework\integration\personality.qp
QuantumUnifiedIntegrator:,R:/sebastian\Backend\quantum_framework\integration\unified.qp
QuantumVoiceIntegrator:,R:/sebastian\Backend\quantum_framework\integration\voice.qp
QuantumCoherenceOptimizer:,R:/sebastian\Backend\quantum_framework\optimization\coherence-optimizer.qp
QuantumFieldOptimizer:,R:/sebastian\Backend\quantum_framework\optimization\field-optimizer.qp
QuantumOptimizationProcessor:,R:/sebastian\Backend\quantum_framework\optimization\optimization-processor.qp
QuantumRealityOptimizer:,R:/sebastian\Backend\quantum_framework\optimization\reality-optimizer.qp
QuantumStateOptimizer:,R:/sebastian\Backend\quantum_framework\optimization\state-optimizer.qp
QuantumCoherenceOrchestrator:,R:/sebastian\Backend\quantum_framework\orchestration\coherence-orchestrator.qp
QuantumFieldOrchestrator:,R:/sebastian\Backend\quantum_framework\orchestration\field-orchestrator.qp
QuantumRealityOrchestrator:,R:/sebastian\Backend\quantum_framework\orchestration\reality-orchestrator.qp
QuantumStateOrchestrator:,R:/sebastian\Backend\quantum_framework\orchestration\state-orchestrator.qp
QuantumUnifiedOrchestrator:,R:/sebastian\Backend\quantum_framework\orchestration\unified-orchestrator.qp
QuantumAudioProcessor:,R:/sebastian\Backend\quantum_framework\personality\data_processing\audio-extractor.qp
QuantumSubtitleProcessor:,R:/sebastian\Backend\quantum_framework\personality\data_processing\subtitle-extractor.qp
QuantumCoherenceProcessor:,R:/sebastian\Backend\quantum_framework\processing\coherence-processor.qp
QuantumFieldProcessor:,R:/sebastian\Backend\quantum_framework\processing\field-processor.qp
QuantumFieldProcessor:,R:/sebastian\Backend\quantum_framework\processing\field.qp
QuantumProcessor:,R:/sebastian\Backend\quantum_framework\processing\quantum.qp
QuantumRealityProcessor:,R:/sebastian\Backend\quantum_framework\processing\reality-processor.qp
QuantumRealityProcessor:,R:/sebastian\Backend\quantum_framework\processing\reality.qp
QuantumStateProcessor:,R:/sebastian\Backend\quantum_framework\processing\state-processor.qp
QuantumTensorProcessor:,R:/sebastian\Backend\quantum_framework\processing\tensor-processor.qp
QuantumAccelerationProcessor:,R:/sebastian\Backend\quantum_framework\processors\acceleration-processor.qp
QuantumHarmonicsProcessor:,R:/sebastian\Backend\quantum_framework\processors\harmonics-processor.qp
QuantumIntegrationProcessor:,R:/sebastian\Backend\quantum_framework\processors\integration-processor.qp
QuantumInterfaceProcessor:,R:/sebastian\Backend\quantum_framework\processors\interface-processor.qp
QuantumMeasurementProcessor:,R:/sebastian\Backend\quantum_framework\processors\measurement-processor.qp
QuantumPrecisionProcessor:,R:/sebastian\Backend\quantum_framework\processors\precision-processor.qp
QuantumSynchronizationProcessor:,R:/sebastian\Backend\quantum_framework\processors\synchronization-processor.qp
QuantumValidationProcessor:,R:/sebastian\Backend\quantum_framework\processors\validation-processor.qp
QuantumRealityCoherence:,R:/sebastian\Backend\quantum_framework\reality\coherence.qp
QuantumRealityInterface:,R:/sebastian\Backend\quantum_framework\reality\interface.qp
QuantumRealityManager:,R:/sebastian\Backend\quantum_framework\reality\manager.qp
QuantumRealityStabilizer:,R:/sebastian\Backend\quantum_framework\reality\stabilizer.qp
QuantumCoherenceStabilizer:,R:/sebastian\Backend\quantum_framework\stabilization\coherence-stabilizer.qp
QuantumFieldStabilizer:,R:/sebastian\Backend\quantum_framework\stabilization\field-stabilizer.qp
QuantumRealityStabilizer:,R:/sebastian\Backend\quantum_framework\stabilization\reality-stabilizer.qp
QuantumStabilityProcessor:,R:/sebastian\Backend\quantum_framework\stabilization\stability-processor.qp
QuantumStateStabilizer:,R:/sebastian\Backend\quantum_framework\stabilization\state-stabilizer.qp
QuantumPersonalityTest,R:/sebastian\Backend\quantum_framework\tests\quantum_personality_test.py
QuantumSystemTest,R:/sebastian\Backend\quantum_framework\tests\quantum_system_test.py
QuantumCoherenceValidator:,R:/sebastian\Backend\quantum_framework\validation\coherence-validator.qp
QuantumFieldValidator:,R:/sebastian\Backend\quantum_framework\validation\field-validator.qp
QuantumRealityValidator:,R:/sebastian\Backend\quantum_framework\validation\reality-validator.qp
QuantumStateValidator:,R:/sebastian\Backend\quantum_framework\validation\state-validator.qp
FieldScanner:,R:/sebastian\Backend\security\Monitoring\field_scanner.py
MonitorCore:,R:/sebastian\Backend\security\Monitoring\monitor_core.py
RealityMonitor:,R:/sebastian\Backend\security\Monitoring\reality_monitor.py
ThreatDetector:,R:/sebastian\Backend\security\Monitoring\threat_detector.py
ActionGenerator:,R:/sebastian\Backend\security\Response\action_generator.py
FieldCoordinator:,R:/sebastian\Backend\security\Response\Field\field_coordinator.py
FieldEnhancer:,R:/sebastian\Backend\security\Response\Field\field_enhancer.py
FieldHarmonizer:,R:/sebastian\Backend\security\Response\Field\field_harmonizer.py
FieldOptimizer:,R:/sebastian\Backend\security\Response\Field\field_optimizer.py
FieldRealityCoordinator:,R:/sebastian\Backend\security\Response\Field\field_reality_coordinator.py
FieldRealityHarmonizer:,R:/sebastian\Backend\security\Response\Field\field_reality_harmonizer.py
FieldRealityOptimizer:,R:/sebastian\Backend\security\Response\Field\field_reality_optimizer.py
FieldStabilizer:,R:/sebastian\Backend\security\Response\Field\field_stabilizer.py
QuantumCoordinator:,R:/sebastian\Backend\security\Response\Quantum\quantum_coordinator.py
QuantumDefender:,R:/sebastian\Backend\security\Response\Quantum\quantum_defender.py
QuantumEnhancer:,R:/sebastian\Backend\security\Response\Quantum\quantum_enhancer.py
QuantumFieldGenerator:,R:/sebastian\Backend\security\Response\Quantum\quantum_field_generator.py
QuantumFieldHarmonizer:,R:/sebastian\Backend\security\Response\Quantum\quantum_field_harmonizer.py
QuantumFieldOptimizer:,R:/sebastian\Backend\security\Response\Quantum\quantum_field_optimizer.py
QuantumHarmonizer:,R:/sebastian\Backend\security\Response\Quantum\quantum_harmonizer.py
QuantumOptimizer:,R:/sebastian\Backend\security\Response\Quantum\quantum_optimizer.py
QuantumRealityEnhancer:,R:/sebastian\Backend\security\Response\Quantum\quantum_reality_enhancer.py
QuantumRealityHarmonizer:,R:/sebastian\Backend\security\Response\Quantum\quantum_reality_harmonizer.py
QuantumStabilizer:,R:/sebastian\Backend\security\Response\Quantum\quantum_stabilizer.py
RealityDefender:,R:/sebastian\Backend\security\Response\Reality\reality_defender.py
RealityEnhancer:,R:/sebastian\Backend\security\Response\Reality\reality_enhancer.py
RealityFieldGenerator:,R:/sebastian\Backend\security\Response\Reality\reality_field_generator.py
RealityFieldHarmonizer:,R:/sebastian\Backend\security\Response\Reality\reality_field_harmonizer.py
RealityOptimizer:,R:/sebastian\Backend\security\Response\Reality\reality_optimizer.py
RealityStabilizer:,R:/sebastian\Backend\security\Response\Reality\reality_stabilizer.py
ResponseCore:,R:/sebastian\Backend\security\Response\Reality\response_core.py
FieldProtector:,R:/sebastian\Backend\security\Threat\field_protector.py
ResponseGenerator:,R:/sebastian\Backend\security\Threat\response_generator.py
ThreatAnalyzer:,R:/sebastian\Backend\security\Threat\threat_analyzer.py
ThreatCore:,R:/sebastian\Backend\security\Threat\threat_core.py
CombatCore:,R:/sebastian\Backend\strategic\Combat\combat_core.py
CombatOptimizer:,R:/sebastian\Backend\strategic\Combat\combat_optimizer.py
CombatProcessor:,R:/sebastian\Backend\strategic\Combat\combat_processor.py
FieldTactics:,R:/sebastian\Backend\strategic\Combat\field_tactics.py
DefenseCore:,R:/sebastian\Backend\strategic\Defense\defense_core.py
DefenseProcessor:,R:/sebastian\Backend\strategic\Defense\defense_processor.py
FieldDefense:,R:/sebastian\Backend\strategic\Defense\field_defense.py
ShieldGenerator:,R:/sebastian\Backend\strategic\Defense\shield_generator.py
FieldCoordinator:,R:/sebastian\Backend\strategic\Planning\field_coordinator.py
PlanGenerator:,R:/sebastian\Backend\strategic\Planning\plan_generator.py
QuantumPredictor:,R:/sebastian\Backend\strategic\Planning\quantum_predictor.py
StrategyCore:,R:/sebastian\Backend\strategic\Planning\strategy_core.py
BehaviorExtractor,R:/sebastian\Backend\training\data_collection\behavior_extractor.qp
ScriptProcessor,R:/sebastian\Backend\training\data_collection\script_processor.qp
BehaviorTrainer,R:/sebastian\Backend\training\model_training\behavior_trainer.qp
NLPEngine,R:/sebastian\Backend\training\model_training\nlp_engine.qp
AccuracyChecker,R:/sebastian\Backend\training\validation\accuracy_checker.qp
FeedbackProcessor,R:/sebastian\Backend\training\validation\feedback_processor.qp
AMDAccelerator:,R:/sebastian\Backend\utils\gpu_accelerator.py
QuantumAPIClient:,R:/sebastian\Frontend\Mobile\api_client.qp
QuantumFieldApp,R:/sebastian\Frontend\Mobile\main.qp
VoiceController:,R:/sebastian\Frontend\Mobile\voice_control.qp
QuantumField,R:/sebastian\Frontend\Mobile\Components\QuantumField.qp
QuantumRenderer,R:/sebastian\Frontend\Mobile\Components\quantum_renderer.qp
TensorEngine:,R:/sebastian\Frontend\Mobile\Quantum\TensorEngine.qp
FieldProcessor:,R:/sebastian\Frontend\Mobile\Services\FieldProcessor.qp
QuantumService:,R:/sebastian\Frontend\Mobile\Services\quantum_service.qp
